Pitch in MIDI note,47.0,Volume,0.640625
1/Q,0.6
Freq scale,0.59375
Vibrato freq,6.0
Vibrato amp,0.15

Low level,0.0
Formants
633.0,1625.0,2607.0,3626.0,4200.0,6000.0,6600.0,7300.0,8330.0,9852.0,10441.0,12299.0,14722.0
Res
0.87318641975309,0.81450625,0.89051961682632,0.81450625,0.6561,0.903687890625,0.81450625,0.903687890625,0.903687890625,0.903687890625,0.81450625,0.87318641975309,0.903687890625
Q
30.0,20.0,35.0,20.0,10.0,40.0,20.0,40.0,40.0,40.0,20.0,30.0,40.0

Notch level,0.1
Notches
Res
Q

