Pitch in MIDI note,47.0,Volume,0.6171875
1/Q,0.6
Freq scale,0.56164383561644
Vibrato freq,6.0
Vibrato amp,0.015

Low level,0.1
Formants
592.0,1000.0,2723.0,3794.0,5669.0,6200.0,6900.0,7417.0,8000.0
Res
0.81450625,0.81450625,0.903687890625,0.81450625,0.81450625,0.81450625,0.81450625,0.81450625,0.81450625
Q
20.0,20.0,40.0,20.0,20.0,20.0,20.0,20.0,20.0

Notch level,0.1
Notches
Res
Q

